"state","year","population","unemploymentrate","opioid_rx","deaths","crude.rate"
"Alabama",1999,4430141,4.7,NA,169,3.81477700145436
"Alabama",2000,4447100,4.6,NA,197,4.42985316273527
"Alabama",2001,4467634,5.1,NA,216,4.83477384226192
"Alabama",2002,4480089,5.9,NA,211,4.70972786478126
"Alabama",2003,4503491,6,NA,197,4.37438422770246
"Alabama",2004,4530729,5.7,NA,283,6.24623542922121
"Alabama",2005,4569805,4.5,NA,283,6.19282442029802
"Alabama",2006,4628981,4,115.6,398,8.59800461483856
"Alabama",2007,4672840,4,120.3,511,10.9355338509343
"Alabama",2008,4718206,5.7,126.1,607,12.8650593043203
"Alabama",2009,4757938,11,131.6,630,13.2410300428463
"Alabama",2010,4779736,10.5,134.3,547,11.4441467060105
"Alabama",2011,4802740,9.6,136.6,552,11.4934391618118
"Alabama",2012,4822023,8,143.8,562,11.654859381633
"Alabama",2013,4833722,7.2,142.4,598,12.3714189603788
"Alabama",2014,4849377,6.8,135.2,723,14.9091316265986
"Alabama",2015,4858979,6.1,125,736,15.1472150836626
"Alabama",2016,4863300,5.8,121,756,15.5450003084325
"Alabama",2017,4874747,4.4,108.8,835,17.1290940842673
"Alaska",1999,624779,6.5,NA,46,7.3626034165681
"Alaska",2000,626932,6.4,NA,48,7.65633274422106
"Alaska",2001,633714,6.4,NA,62,9.78359322975349
"Alaska",2002,642337,7.3,NA,84,13.0772476130131
"Alaska",2003,648414,7.8,NA,83,12.8004639011496
"Alaska",2004,659286,7.5,NA,86,13.0444147153132
"Alaska",2005,666946,6.9,NA,79,11.8450369295265
"Alaska",2006,675302,6.6,63.4,76,11.2542240360609
"Alaska",2007,680300,6.3,66.6,72,10.583566073791
"Alaska",2008,687455,6.7,68.5,127,18.4739364758421
"Alaska",2009,698895,7.7,67.3,131,18.7438742586512
"Alaska",2010,710231,7.9,68.4,83,11.6863386700947
"Alaska",2011,722718,7.6,68,107,14.8052214003249
"Alaska",2012,731449,7.1,66.8,129,17.6362261757142
"Alaska",2013,735132,7,63.7,105,14.2831491487243
"Alaska",2014,736732,6.9,62.7,124,16.8310864737788
"Alaska",2015,738432,6.5,60.8,122,16.5214941931011
"Alaska",2016,741894,6.9,58.9,128,17.2531385885315
"Alaska",2017,739795,7,52,147,19.8703694942518
"Arizona",1999,5023823,4.4,NA,511,10.171536696257
"Arizona",2000,5130632,4,NA,522,10.1741851686108
"Arizona",2001,5273477,4.8,NA,552,10.4674771502749
"Arizona",2002,5396255,6.1,NA,624,11.563575109034
"Arizona",2003,5510364,5.7,NA,674,12.2314968666317
"Arizona",2004,5652404,5,NA,744,13.1625411064036
"Arizona",2005,5839077,4.7,NA,794,13.5980395531691
"Arizona",2006,6029141,4.2,74.3,876,14.529432965658
"Arizona",2007,6167681,3.9,77.8,943,15.2893769959893
"Arizona",2008,6280362,6.2,80.9,828,13.1839534090551
"Arizona",2009,6343154,9.9,84.2,1002,15.7965579899211
"Arizona",2010,6392017,10.4,88.5,1098,17.1776764673811
"Arizona",2011,6482505,9.5,88.6,1071,16.5213910363355
"Arizona",2012,6553255,8.3,85.3,1134,17.3043777481572
"Arizona",2013,6626624,7.7,80.4,1222,18.4407625964594
"Arizona",2014,6731484,6.8,79.7,1211,17.9900895552897
"Arizona",2015,6828065,6.1,75.5,1274,18.6582875236249
"Arizona",2016,6931071,5.4,70.2,1382,19.9391984297953
"Arizona",2017,7016270,4.9,60.8,1532,21.834963591766
"Arkansas",1999,2651860,4.6,NA,113,4.26116009140754
"Arkansas",2000,2673400,4.3,NA,140,5.23677713772724
"Arkansas",2001,2691571,5,NA,126,4.68128093221394
"Arkansas",2002,2705927,5.5,NA,176,6.50424050611861
"Arkansas",2003,2724816,5.9,NA,184,6.75274954345541
"Arkansas",2004,2749686,5.7,NA,230,8.36459144789623
"Arkansas",2005,2781097,5.2,NA,269,9.67244220535997
"Arkansas",2006,2821761,5.2,98.3,285,10.1000758037268
"Arkansas",2007,2848650,5.3,108.2,301,10.5664086497113
"Arkansas",2008,2874554,5.5,112.1,360,12.5236819346584
"Arkansas",2009,2896843,7.8,116,351,12.1166386994394
"Arkansas",2010,2915918,8.2,120.8,350,12.0030810194251
"Arkansas",2011,2937979,8.3,115.2,355,12.0831360605369
"Arkansas",2012,2949131,7.6,121.8,373,12.6477935364689
"Arkansas",2013,2959373,7.2,120.9,319,10.779310347158
"Arkansas",2014,2966369,6,123.2,356,12.0012041657663
"Arkansas",2015,2978204,5,117.2,392,13.1622951282048
"Arkansas",2016,2988248,4,114.6,401,13.4192342804212
"Arkansas",2017,3004279,3.7,106.1,446,14.845492046511
"California",1999,33499204,5.2,NA,2662,7.94645747403431
"California",2000,33871648,4.9,NA,1941,5.73045633917783
"California",2001,34479458,5.4,NA,1226,3.55574034835466
"California",2002,34871843,6.7,NA,2975,8.53123822563665
"California",2003,35253159,6.8,NA,3108,8.81623119221741
"California",2004,35574576,6.2,NA,3125,8.78436330485007
"California",2005,35827943,5.4,NA,3214,8.97065176195016
"California",2006,36021202,4.9,51,3494,9.69984288697529
"California",2007,36250311,5.4,53.6,3854,10.6316329258527
"California",2008,36604337,7.3,55.1,3863,10.5533942603577
"California",2009,36961229,11.2,55.6,4056,10.9736610760427
"California",2010,37253956,12.2,55.8,4057,10.8901186225699
"California",2011,37691912,11.7,55.9,4180,11.0899123398144
"California",2012,38041430,10.4,56.4,4040,10.6200003522475
"California",2013,38332521,8.9,54.4,4452,11.6141591626598
"California",2014,38802500,7.5,52.7,4521,11.6513111268604
"California",2015,39144818,6.2,47.7,4659,11.9019585172168
"California",2016,39250017,5.5,44.8,4654,11.8573197051099
"California",2017,39536653,4.8,39.8,4868,12.3126254516284
"Colorado",1999,4226018,3.1,NA,349,8.25836520336638
"Colorado",2000,4301261,2.8,NA,352,8.18364660968028
"Colorado",2001,4425687,3.8,NA,411,9.28669379465832
"Colorado",2002,4490406,5.5,NA,448,9.97682614890502
"Colorado",2003,4528732,6,NA,502,11.0847804639356
"Colorado",2004,4575013,5.5,NA,518,11.3223721987238
"Colorado",2005,4631888,5,NA,608,13.126396838611
"Colorado",2006,4720423,4.3,62.2,627,13.2827079268108
"Colorado",2007,4803868,3.7,65.9,734,15.2793540538583
"Colorado",2008,4889730,4.8,67.7,749,15.3178191842903
"Colorado",2009,4972195,7.3,69.8,769,15.4660064619348
"Colorado",2010,5029196,8.7,72,654,13.004066653994
"Colorado",2011,5116796,8.4,73,843,16.4751535922089
"Colorado",2012,5187582,7.9,73.5,807,15.5563806027548
"Colorado",2013,5268367,6.9,71.2,846,16.058106809947
"Colorado",2014,5355866,5,69.6,899,16.7853340617558
"Colorado",2015,5456574,3.9,65.1,869,15.9257438825168
"Colorado",2016,5540545,3.2,59.8,942,17.0019375350259
"Colorado",2017,5607154,2.7,52.4,1015,18.1018748548729
"Connecticut",1999,3386401,2.9,NA,310,9.15426141204187
"Connecticut",2000,3405565,2.4,NA,320,9.39638503449501
"Connecticut",2001,3432835,3.1,NA,307,8.94304561681526
"Connecticut",2002,3458749,4.3,NA,354,10.2349144155878
"Connecticut",2003,3484336,5.4,NA,307,8.81086095026427
"Connecticut",2004,3496094,5,NA,333,9.52491552000604
"Connecticut",2005,3506956,4.9,NA,295,8.4118534706452
"Connecticut",2006,3517460,4.3,64.7,407,11.5708494197518
"Connecticut",2007,3527270,4.5,67.5,433,12.2757826874608
"Connecticut",2008,3545579,5.7,68.7,386,10.8867973326782
"Connecticut",2009,3561807,7.9,68.1,393,11.0337252972999
"Connecticut",2010,3574097,9.1,68.6,363,10.1564115355571
"Connecticut",2011,3580709,8.8,69.1,402,11.2268268658525
"Connecticut",2012,3590347,8.3,69.3,439,12.2272304041921
"Connecticut",2013,3596080,7.8,67.4,582,16.1842895597428
"Connecticut",2014,3596677,6.6,66,623,17.3215443032555
"Connecticut",2015,3590886,5.7,62.3,800,22.2786242726725
"Connecticut",2016,3576452,5.1,55.9,971,27.1498121602079
"Connecticut",2017,3588184,4.7,48.6,1072,29.8758369136031
"Delaware",1999,774990,3.4,NA,50,6.45169615091808
"Delaware",2000,783600,3.7,NA,55,7.01888718734048
"Delaware",2001,795699,3.5,NA,64,8.04324248239598
"Delaware",2002,806169,4,NA,84,10.4196514626586
"Delaware",2003,818003,4.3,NA,77,9.41316841136279
"Delaware",2004,830803,4,NA,63,7.58302509740576
"Delaware",2005,845150,4.1,NA,62,7.33597586227297
"Delaware",2006,859268,3.6,86.6,78,9.07749386687273
"Delaware",2007,871749,3.4,92.3,97,11.1270560677443
"Delaware",2008,883874,4.9,95.4,124,14.0291489510948
"Delaware",2009,891730,8.3,97.5,136,15.251253182017
"Delaware",2010,897934,8.4,101.1,145,16.1481801557798
"Delaware",2011,907135,7.5,99.7,160,17.6379480452193
"Delaware",2012,917092,7.2,94,141,15.3746843282899
"Delaware",2013,925749,6.7,92.7,166,17.9314263369445
"Delaware",2014,935614,5.7,91,189,20.2006382974175
"Delaware",2015,945934,4.9,84.4,198,20.9316929088076
"Delaware",2016,952065,4.5,79.2,282,29.6198263774007
"Delaware",2017,961939,4.5,68.6,338,35.1373631799937
"District of Columbia",1999,570213,6.4,NA,48,8.41790699265012
"District of Columbia",2000,572059,5.6,NA,76,13.2853429453955
"District of Columbia",2001,574504,6.3,NA,93,16.1878768468105
"District of Columbia",2002,573158,6.4,NA,61,10.6427895972838
"District of Columbia",2003,568502,6.8,NA,103,18.1177902628311
"District of Columbia",2004,567754,7.8,NA,87,15.3235380111809
"District of Columbia",2005,567136,6.4,NA,77,13.5769903515206
"District of Columbia",2006,570681,5.8,31.7,101,17.6981536094596
"District of Columbia",2007,574404,5.5,41.2,61,10.6197032054094
"District of Columbia",2008,580236,6.5,34.5,56,9.65124535533817
"District of Columbia",2009,592228,9.3,34.4,26,4.39020107120906
"District of Columbia",2010,601723,9.4,37.1,78,12.9627752304632
"District of Columbia",2011,617996,10.2,39.8,86,13.9159476760367
"District of Columbia",2012,632323,9,40.3,77,12.1773207680252
"District of Columbia",2013,646449,8.5,41.1,102,15.7785068891746
"District of Columbia",2014,658893,7.8,40.1,96,14.5698922283284
"District of Columbia",2015,672228,6.9,35.7,125,18.5948814985392
"District of Columbia",2016,681170,6.1,32.5,269,39.4908759927771
"District of Columbia",2017,693972,6.1,28.4,310,44.6703901598335
"Florida",1999,15759421,3.9,NA,997,6.32637455398901
"Florida",2000,15982378,3.7,NA,1159,7.25173688170809
"Florida",2001,16356966,4.7,NA,1746,10.6743512213695
"Florida",2002,16689370,5.6,NA,1927,11.5462716687329
"Florida",2003,17004085,5.2,NA,2054,12.0794503203201
"Florida",2004,17415318,4.6,NA,2264,13.0000497263386
"Florida",2005,17842038,3.7,NA,2371,13.2888406582253
"Florida",2006,18166990,3.2,79.7,2591,14.2621314813296
"Florida",2007,18367842,4,82.2,2794,15.2113677807115
"Florida",2008,18527305,6.3,84.3,2963,15.9926119853913
"Florida",2009,18652644,10.4,86.3,3092,16.5767383969801
"Florida",2010,18801310,11.1,87.6,3061,16.2807804349803
"Florida",2011,19057542,10,83.5,2918,15.3115233853348
"Florida",2012,19317568,8.5,75.9,2597,13.4437212800286
"Florida",2013,19552860,7.2,73.5,2474,12.65288044818
"Florida",2014,19893297,6.3,71.4,2634,13.2406408047897
"Florida",2015,20271272,5.5,67.1,3228,15.9240130565068
"Florida",2016,20612439,4.8,66.6,4728,22.9376057826053
"Florida",2017,20984400,4.2,61.5,5088,24.2465831760737
"Georgia",1999,8045965,3.9,NA,283,3.51729096509865
"Georgia",2000,8186453,3.6,NA,364,4.44637011902469
"Georgia",2001,8377038,4,NA,511,6.10000814130245
"Georgia",2002,8508256,5,NA,563,6.61710225926441
"Georgia",2003,8622793,4.8,NA,607,7.0394824507558
"Georgia",2004,8769252,4.8,NA,666,7.59471845489216
"Georgia",2005,8925922,5.3,NA,738,8.26805342910234
"Georgia",2006,9155813,4.7,79.8,830,9.06527907461631
"Georgia",2007,9349988,4.5,82.5,923,9.87167042353423
"Georgia",2008,9504843,6.2,86.3,935,9.83709041801111
"Georgia",2009,9620846,9.9,88.2,1007,10.4668549938332
"Georgia",2010,9687653,10.5,90.2,1054,10.8798281689074
"Georgia",2011,9815210,10.2,88.6,1058,10.7791886266315
"Georgia",2012,9919945,9.2,89.4,1056,10.6452203112013
"Georgia",2013,9992167,8.2,86.6,1098,10.9886073761577
"Georgia",2014,10097343,7.1,83.8,1206,11.9437360897812
"Georgia",2015,10214860,6,79.4,1302,12.7461365109262
"Georgia",2016,10310371,5.4,77.8,1394,13.520367016861
"Georgia",2017,10429379,4.7,71.3,1537,14.7372149386843
"Hawaii",1999,1210300,5.4,NA,80,6.6099314219615
"Hawaii",2000,1211537,4.2,NA,63,5.20000627302344
"Hawaii",2001,1225948,4.5,NA,77,6.28085367405469
"Hawaii",2002,1239613,4.2,NA,77,6.21161604468491
"Hawaii",2003,1251154,4.1,NA,92,7.35321151512923
"Hawaii",2004,1273569,3.4,NA,103,8.08750841140135
"Hawaii",2005,1292729,2.9,NA,126,9.74682241985753
"Hawaii",2006,1309731,2.6,42.3,86,6.5662338296948
"Hawaii",2007,1315675,2.8,44.5,136,10.33689931024
"Hawaii",2008,1332213,4.3,46.6,123,9.23275782476226
"Hawaii",2009,1346717,7.2,47.8,136,10.0986324521039
"Hawaii",2010,1360301,6.9,50.1,151,11.1004843780898
"Hawaii",2011,1374810,6.8,50.1,180,13.0927182665241
"Hawaii",2012,1392313,6,50.4,155,11.1325542460639
"Hawaii",2013,1404054,4.9,49.4,158,11.2531284409289
"Hawaii",2014,1419561,4.4,47.7,157,11.0597572066294
"Hawaii",2015,1431603,3.6,44.3,169,11.8049487183248
"Hawaii",2016,1428557,3,41.9,191,13.3701350383639
"Hawaii",2017,1427538,2.4,38.2,203,14.2202869555837
"Idaho",1999,1275674,4.9,NA,64,5.01695574261136
"Idaho",2000,1293953,4.7,NA,64,4.94608382220993
"Idaho",2001,1319962,5.1,NA,98,7.42445615858638
"Idaho",2002,1340372,5.6,NA,117,8.72892003115553
"Idaho",2003,1363380,5.6,NA,102,7.48140650442283
"Idaho",2004,1391802,4.9,NA,98,7.04123143952947
"Idaho",2005,1428241,4,NA,109,7.63176522729707
"Idaho",2006,1468669,3.5,75.6,130,8.85155198346258
"Idaho",2007,1505105,3.1,78.8,126,8.37150896449085
"Idaho",2008,1534320,5.1,82.7,146,9.51561603837531
"Idaho",2009,1554439,8.8,85.2,171,11.0007533264412
"Idaho",2010,1567582,9,88.6,178,11.3550678688579
"Idaho",2011,1584985,8.3,91.4,193,12.1767713890037
"Idaho",2012,1595728,7.2,92,181,11.3427852365817
"Idaho",2013,1612136,6.1,89.2,207,12.84010778247
"Idaho",2014,1634464,4.8,87.4,212,12.9706129960648
"Idaho",2015,1654930,4.2,81.9,218,13.1727625941883
"Idaho",2016,1683140,3.8,77.6,243,14.4373017098994
"Idaho",2017,1716943,3.2,70.3,236,13.74536021289
"Illinois",1999,12359020,4.4,NA,825,6.67528655184634
"Illinois",2000,12419293,4.3,NA,868,6.98912570949087
"Illinois",2001,12488445,5.3,NA,892,7.14260262186365
"Illinois",2002,12525556,6.5,NA,986,7.87190604552804
"Illinois",2003,12556006,6.8,NA,847,6.74577568695013
"Illinois",2004,12589773,6.2,NA,1035,8.2209583921807
"Illinois",2005,12609903,5.7,NA,1067,8.46160355079654
"Illinois",2006,12643955,4.5,55.6,1369,10.8273083857068
"Illinois",2007,12695866,5,59.2,1192,9.38888296395063
"Illinois",2008,12747038,6.3,60.2,1353,10.6142305373217
"Illinois",2009,12796778,10.2,61,1381,10.7917789931184
"Illinois",2010,12830632,10.4,63.1,1288,10.0384766705179
"Illinois",2011,12869257,9.7,64.3,1408,10.9408025653695
"Illinois",2012,12875255,9,66.1,1628,12.6444097612047
"Illinois",2013,12882135,9,63.7,1579,12.2572849919676
"Illinois",2014,12880580,7.1,62.3,1705,13.2369815644948
"Illinois",2015,12859995,6,59.1,1835,14.2690568697733
"Illinois",2016,12801539,5.8,56.8,2411,18.8336730450925
"Illinois",2017,12802023,4.9,56.7,2778,21.6996954309487
"Indiana",1999,6044969,3,NA,191,3.15965226620682
"Indiana",2000,6080485,3.1,NA,214,3.51945609601866
"Indiana",2001,6127760,4.2,NA,283,4.61832708852827
"Indiana",2002,6155967,5.2,NA,293,4.75960966002579
"Indiana",2003,6196638,5.3,NA,434,7.00379786587501
"Indiana",2004,6233007,5.4,NA,542,8.69564240823089
"Indiana",2005,6278616,5.5,NA,610,9.71551692283777
"Indiana",2006,6332669,5,94.3,736,11.6222717467153
"Indiana",2007,6379599,4.6,99.7,781,12.2421487620147
"Indiana",2008,6424806,5.9,103.3,830,12.918678011445
"Indiana",2009,6459325,10.3,105.6,896,13.8714184531665
"Indiana",2010,6483802,10.4,107.1,927,14.2971670017067
"Indiana",2011,6516922,9.1,106.7,975,14.9610506309574
"Indiana",2012,6537334,8.3,110.5,1011,15.4650198383622
"Indiana",2013,6570902,7.7,106.3,1064,16.192601868054
"Indiana",2014,6596855,6,96.7,1172,17.7660415455547
"Indiana",2015,6619680,4.8,89.1,1245,18.807555652237
"Indiana",2016,6633053,4.4,83.9,1526,23.0059973891359
"Indiana",2017,6666818,3.6,51.4,1852,27.7793694083144
"Iowa",1999,2917634,2.6,NA,53,1.81654038854771
"Iowa",2000,2926324,2.6,NA,73,2.49459731731688
"Iowa",2001,2931997,3.3,NA,87,2.96726088055342
"Iowa",2002,2934234,4,NA,91,3.10132048091597
"Iowa",2003,2941999,4.5,NA,96,3.26308744496514
"Iowa",2004,2953635,4.5,NA,122,4.1305035998016
"Iowa",2005,2964454,4.3,NA,141,4.75635648250909
"Iowa",2006,2982644,3.7,59.3,187,6.26960508863948
"Iowa",2007,2999212,3.7,57.1,203,6.768444511425
"Iowa",2008,3016734,4.2,59.1,209,6.92802215906341
"Iowa",2009,3032870,6.4,60.4,207,6.82521835752934
"Iowa",2010,3046355,6,62.3,253,8.30500713147351
"Iowa",2011,3062309,5.5,64,250,8.16377445907647
"Iowa",2012,3074186,5,74.1,259,8.42499445381639
"Iowa",2013,3090416,4.7,72.2,275,8.89847839255298
"Iowa",2014,3107126,4.2,72.3,264,8.49659782062266
"Iowa",2015,3123899,3.8,68.6,309,9.89148496798392
"Iowa",2016,3134693,3.6,64,314,10.016929887552
"Iowa",2017,3145711,3.1,75.7,341,10.8401566450319
"Kansas",1999,2678338,3.3,NA,89,3.32295625122744
"Kansas",2000,2688418,3.6,NA,103,3.83124945599977
"Kansas",2001,2702162,4.2,NA,138,5.10702171076346
"Kansas",2002,2713535,5.1,NA,170,6.26489063159311
"Kansas",2003,2723004,5.5,NA,188,6.90413969278047
"Kansas",2004,2734373,5.5,NA,224,8.19200599186724
"Kansas",2005,2745299,5,NA,241,8.7786430549095
"Kansas",2006,2762931,4.4,77.5,257,9.30171618473281
"Kansas",2007,2783785,4.2,80.6,270,9.69902488877553
"Kansas",2008,2808076,4.6,82.7,219,7.79893421688017
"Kansas",2009,2832704,6.9,82.8,304,10.7317954858679
"Kansas",2010,2853118,7.1,86.1,269,9.42828162031854
"Kansas",2011,2871238,6.5,87.8,280,9.7518909961487
"Kansas",2012,2885905,5.7,90.3,318,11.0190737394336
"Kansas",2013,2893957,5.3,88.7,331,11.4376267511922
"Kansas",2014,2904021,4.5,86.5,332,11.4324242145632
"Kansas",2015,2911641,4.2,80.5,329,11.2994699552589
"Kansas",2016,2907289,4,76.9,313,10.7660435546655
"Kansas",2017,2913123,3.7,70.3,333,11.4310312334907
"Kentucky",1999,4018053,4.5,NA,197,4.90287211243854
"Kentucky",2000,4041769,4.2,NA,241,5.96273562393101
"Kentucky",2001,4068132,5.2,NA,345,8.48055077858831
"Kentucky",2002,4089875,5.7,NA,426,10.4159662581375
"Kentucky",2003,4117170,6.1,NA,560,13.6015758397151
"Kentucky",2004,4146101,5.4,NA,526,12.6866181021639
"Kentucky",2005,4182742,5.9,NA,638,15.2531521188732
"Kentucky",2006,4219239,5.7,122.6,728,17.2542963316371
"Kentucky",2007,4256672,5.4,130.8,708,16.6327121281602
"Kentucky",2008,4289878,6.4,136.6,764,17.8093642756274
"Kentucky",2009,4317074,10.3,135.2,769,17.812990928578
"Kentucky",2010,4339367,10.2,136.5,1007,23.2061496527028
"Kentucky",2011,4369356,9.4,137,1058,24.2140947086939
"Kentucky",2012,4380415,8.2,127.9,1078,24.609540420257
"Kentucky",2013,4395295,8,111.7,1019,23.1838818554841
"Kentucky",2014,4413457,6.5,110,1077,24.4026394728667
"Kentucky",2015,4425092,5.3,102.6,1273,28.7677634724883
"Kentucky",2016,4436974,5.1,97.2,1419,31.9812556936326
"Kentucky",2017,4454189,4.9,88.1,1566,35.1579153915561
"Louisiana",1999,4460811,5.1,NA,188,4.21448028172456
"Louisiana",2000,4468976,5.3,NA,248,5.54936969900935
"Louisiana",2001,4477875,5.7,NA,265,5.9179856516763
"Louisiana",2002,4497267,6.1,NA,365,8.11604025289137
"Louisiana",2003,4521042,6.4,NA,536,11.8556739795826
"Louisiana",2004,4552238,5.9,NA,539,11.8403299651732
"Louisiana",2005,4576628,7.2,NA,661,14.442947952073
"Louisiana",2006,4302665,4.5,109.2,705,16.3851938275464
"Louisiana",2007,4375581,4.3,110.1,808,18.4661191279512
"Louisiana",2008,4435586,4.9,113.7,647,14.5865732284302
"Louisiana",2009,4491648,6.8,113,584,13.0019093214784
"Louisiana",2010,4533372,8,112.6,591,13.0366535108965
"Louisiana",2011,4574836,7.8,111.7,601,13.1370829467985
"Louisiana",2012,4601893,7.1,113,566,12.2992864023566
"Louisiana",2013,4625470,6.7,112.4,809,17.4901145180922
"Louisiana",2014,4649676,6.4,108.9,777,16.7108417876859
"Louisiana",2015,4670724,6.3,100.4,861,18.4339729772087
"Louisiana",2016,4681666,6.1,98.1,996,21.2744779315739
"Louisiana",2017,4684333,5.1,89.8,1108,23.6533141431235
"Maine",1999,1266808,4,NA,67,5.28888355615058
"Maine",2000,1274923,3.4,NA,61,4.78460267796565
"Maine",2001,1285692,3.8,NA,85,6.61122570569001
"Maine",2002,1295960,4.3,NA,139,10.725639680237
"Maine",2003,1306513,5,NA,133,10.1797685901327
"Maine",2004,1313688,4.6,NA,140,10.6570205406459
"Maine",2005,1318787,4.9,NA,163,12.359842794932
"Maine",2006,1323619,4.6,83.6,159,12.0125202191869
"Maine",2007,1327040,4.7,85.4,159,11.9815529298288
"Maine",2008,1330509,5.5,88.7,162,12.1757913700696
"Maine",2009,1329590,8.1,87.9,173,13.0115298701103
"Maine",2010,1328361,8.1,92.8,135,10.1628999948056
"Maine",2011,1328188,7.9,93.1,156,11.7453252099853
"Maine",2012,1329192,7.5,89.7,150,11.2850513695538
"Maine",2013,1328302,6.6,85.9,174,13.0994307017531
"Maine",2014,1330089,5.6,82.4,216,16.2395147993856
"Maine",2015,1329328,4.4,76.5,269,20.2357883080775
"Maine",2016,1331479,3.8,66.9,353,26.5118713851289
"Maine",2017,1335907,3.4,55.5,424,31.7387363042487
"Maryland",1999,5254509,3.6,NA,629,11.970671284415
"Maryland",2000,5296486,3.6,NA,623,11.7625157510093
"Maryland",2001,5374691,4,NA,639,11.889055575474
"Maryland",2002,5440389,4.4,NA,723,13.2894908801558
"Maryland",2003,5496269,4.4,NA,779,14.1732509817114
"Maryland",2004,5546935,4.3,NA,676,12.1869104289125
"Maryland",2005,5592379,4.1,NA,656,11.7302493268071
"Maryland",2006,5627367,3.9,60.1,762,13.5409686270684
"Maryland",2007,5653408,3.5,63.3,769,13.6024146850891
"Maryland",2008,5684965,4.2,65.5,693,12.1900486634482
"Maryland",2009,5730388,7,66.9,743,12.9659632122642
"Maryland",2010,5773552,7.7,71.2,650,11.2582340992166
"Maryland",2011,5828289,7.2,72.9,707,12.1304897543687
"Maryland",2012,5884563,7,72.2,831,14.1216943382202
"Maryland",2013,5928814,6.6,69,892,15.0451675495301
"Maryland",2014,5976407,5.8,67.6,1070,17.903733798585
"Maryland",2015,6006401,5.1,63,1285,21.3938430018242
"Maryland",2016,6016447,4.5,58.7,2044,33.9735395325514
"Maryland",2017,6052177,4.3,52,2247,37.1271362354406
"Massachusetts",1999,6317345,3.2,NA,488,7.72476412163654
"Massachusetts",2000,6349097,2.7,NA,463,7.29237559293865
"Massachusetts",2001,6397634,3.7,NA,689,10.7696063888619
"Massachusetts",2002,6417206,5.3,NA,705,10.9860895847819
"Massachusetts",2003,6422565,5.7,NA,823,12.8141949517054
"Massachusetts",2004,6412281,5.1,NA,669,10.4331048498966
"Massachusetts",2005,6403290,4.8,NA,780,12.1812380822983
"Massachusetts",2006,6410084,4.9,66,970,15.1324070012187
"Massachusetts",2007,6431559,4.6,68.2,922,14.3355600096337
"Massachusetts",2008,6468967,5.5,69.2,786,12.1503170444369
"Massachusetts",2009,6517613,8.1,68.9,816,12.5199210201649
"Massachusetts",2010,6547629,8.3,67.9,738,11.2712555949642
"Massachusetts",2011,6587536,7.3,65.9,857,13.0094165709303
"Massachusetts",2012,6646144,6.7,65.7,859,12.9247876663521
"Massachusetts",2013,6692824,6.7,63,1081,16.1516274744413
"Massachusetts",2014,6745408,5.7,59.6,1289,19.1092962797803
"Massachusetts",2015,6794422,4.8,54,1724,25.3737551185369
"Massachusetts",2016,6811779,3.9,47.1,2227,32.6933683550215
"Massachusetts",2017,6859819,3.8,40,2168,31.6043324175171
"Michigan",1999,9897116,3.7,NA,460,4.64781861705976
"Michigan",2000,9938444,3.6,NA,561,5.64474680342315
"Michigan",2001,9991120,5.2,NA,621,6.21551938121052
"Michigan",2002,10015710,6.3,NA,751,7.49822029591512
"Michigan",2003,10041152,7.2,NA,761,7.57881167419834
"Michigan",2004,10055315,7,NA,867,8.62230571593232
"Michigan",2005,10051137,6.8,NA,985,9.79988632131867
"Michigan",2006,10036081,7,80.2,1176,11.7177212898142
"Michigan",2007,10001284,7,85.6,1236,12.3584131797477
"Michigan",2008,9946889,8,89.9,1239,12.456155889545
"Michigan",2009,9901591,13.7,91.6,1429,14.432024106025
"Michigan",2010,9883640,12.6,96,1394,14.1041154878162
"Michigan",2011,9876187,10.4,98.8,1386,14.0337561449576
"Michigan",2012,9883360,9.1,100.7,1308,13.2343656408347
"Michigan",2013,9895622,8.8,98.9,1553,15.6938088378881
"Michigan",2014,9909877,7.2,98,1762,17.7802408647453
"Michigan",2015,9922576,5.4,90.5,1980,19.9544956874102
"Michigan",2016,9928300,5,84.9,2347,23.6394951804438
"Michigan",2017,9962311,4.6,75.5,2694,27.0419182858275
"Minnesota",1999,4873481,2.8,NA,136,2.79061311616891
"Minnesota",2000,4919479,3.2,NA,130,2.64255625443263
"Minnesota",2001,4982796,3.8,NA,185,3.71277491593073
"Minnesota",2002,5018935,4.5,NA,201,4.0048336947978
"Minnesota",2003,5053572,4.9,NA,246,4.86784397254061
"Minnesota",2004,5087713,4.7,NA,250,4.91379918639279
"Minnesota",2005,5119598,4.1,NA,282,5.50824498329752
"Minnesota",2006,5163555,4,50.3,311,6.02298222832913
"Minnesota",2007,5207203,4.6,53.7,341,6.54862120796904
"Minnesota",2008,5247018,5.4,56.5,384,7.31844258967665
"Minnesota",2009,5281203,7.8,58.6,419,7.93379841676224
"Minnesota",2010,5303925,7.4,59,397,7.48502288399628
"Minnesota",2011,5344861,6.5,60,511,9.56058539221132
"Minnesota",2012,5379139,5.6,60.9,482,8.96054182648933
"Minnesota",2013,5420380,5,58.3,523,9.64877001243455
"Minnesota",2014,5457173,4.2,56.6,517,9.47376966059167
"Minnesota",2015,5489594,3.7,52.1,581,10.5836606495854
"Minnesota",2016,5519952,3.9,46.9,672,12.1740189045122
"Minnesota",2017,5576606,3.4,40.8,733,13.1441955913687
"Mississippi",1999,2828408,5.1,NA,87,3.07593529646359
"Mississippi",2000,2844658,5.4,NA,114,4.00751162354139
"Mississippi",2001,2852994,5.5,NA,169,5.92360166197335
"Mississippi",2002,2858681,6.6,NA,183,6.40155372355293
"Mississippi",2003,2868312,6.3,NA,207,7.21678813183503
"Mississippi",2004,2889010,6.2,NA,224,7.75352110238455
"Mississippi",2005,2905943,7.5,NA,248,8.53423484218376
"Mississippi",2006,2904978,6.5,102.7,339,11.6696236598005
"Mississippi",2007,2928350,6.1,109.9,314,10.7227619649291
"Mississippi",2008,2947806,6.6,113.2,303,10.2788311035394
"Mississippi",2009,2958774,9.5,117.3,323,10.9166837345468
"Mississippi",2010,2967297,10.4,118.1,334,11.2560353749557
"Mississippi",2011,2978512,10,117.2,302,10.1392910285404
"Mississippi",2012,2984926,9,121.8,310,10.3855170948962
"Mississippi",2013,2991207,8.5,119.6,316,10.5642972886865
"Mississippi",2014,2994079,7.5,116.3,336,11.2221487809774
"Mississippi",2015,2992333,6.4,110.9,351,11.7299779135544
"Mississippi",2016,2988726,5.8,105.6,352,11.7775935298184
"Mississippi",2017,2984100,5.1,93.4,354,11.862873228109
"Missouri",1999,5561948,3.3,NA,276,4.9622901904153
"Missouri",2000,5595211,3.6,NA,303,5.41534537303419
"Missouri",2001,5641142,4.6,NA,351,6.22214438140362
"Missouri",2002,5674825,5.4,NA,416,7.33062253021018
"Missouri",2003,5709403,5.6,NA,522,9.14281230454393
"Missouri",2004,5747741,5.9,NA,548,9.53418047194541
"Missouri",2005,5790300,5.4,NA,608,10.5003194998532
"Missouri",2006,5842704,4.8,80.5,743,12.716714726606
"Missouri",2007,5887612,5.1,84.3,714,12.1271578358085
"Missouri",2008,5923916,6.1,86.8,765,12.9137550228599
"Missouri",2009,5961088,9.3,88.5,863,14.4772229499044
"Missouri",2010,5988927,9.6,91,998,16.6640869057178
"Missouri",2011,6010688,8.5,91.6,963,16.0214604384723
"Missouri",2012,6021988,6.9,95.4,942,15.6426748110425
"Missouri",2013,6044171,6.7,93.3,1025,16.9584877727649
"Missouri",2014,6063589,6.1,90.7,1067,17.5968390997477
"Missouri",2015,6083672,5,84.5,1066,17.5223121825108
"Missouri",2016,6093000,4.6,80.4,1371,22.5012309207287
"Missouri",2017,6113532,3.8,72.2,1367,22.3602330044236
"Montana",1999,897507,5.3,NA,41,4.56820949585908
"Montana",2000,902195,5,NA,41,4.54447209306192
"Montana",2001,906961,4.5,NA,56,6.17446615675867
"Montana",2002,911667,4.4,NA,78,8.55575555548243
"Montana",2003,919630,4.7,NA,93,10.1127627415374
"Montana",2004,930009,4.8,NA,98,10.5375324324818
"Montana",2005,940102,4.4,NA,96,10.2116578839317
"Montana",2006,952692,3.5,79.1,97,10.1816746650544
"Montana",2007,964706,3.6,81.1,125,12.9573154930103
"Montana",2008,976415,5.1,85.3,134,13.7236728235433
"Montana",2009,983982,6.8,85.8,142,14.431158293546
"Montana",2010,989415,7.3,87.2,118,11.9262392423806
"Montana",2011,998199,6.9,85.3,141,14.125439917291
"Montana",2012,1005141,6,87.7,118,11.7396464774594
"Montana",2013,1015165,5.4,84.2,137,13.4953431215615
"Montana",2014,1023579,4.7,80.1,125,12.2120520252956
"Montana",2015,1032949,4.2,73.3,138,13.3598076962173
"Montana",2016,1042520,4.1,69.8,119,11.4146491194414
"Montana",2017,1050493,3.9,61.3,119,11.3280145607824
"Nebraska",1999,1704764,2.8,NA,39,2.28770668550016
"Nebraska",2000,1711263,2.8,NA,46,2.68807307818845
"Nebraska",2001,1719836,3.1,NA,66,3.83757521065962
"Nebraska",2002,1728292,3.6,NA,66,3.81879913810861
"Nebraska",2003,1738643,3.9,NA,55,3.16338661818441
"Nebraska",2004,1749370,3.9,NA,59,3.37264272280878
"Nebraska",2005,1761497,3.8,NA,86,4.88221098304454
"Nebraska",2006,1772693,3.1,64.3,91,5.13343257969654
"Nebraska",2007,1783440,3,65.1,80,4.485713004082
"Nebraska",2008,1796378,3.3,66.2,94,5.23275168143898
"Nebraska",2009,1812683,4.6,66.4,106,5.8476854474831
"Nebraska",2010,1826341,4.6,69,117,6.40625162551791
"Nebraska",2011,1842641,4.4,68.8,129,7.00082110405662
"Nebraska",2012,1855525,4,73.2,146,7.8683930424004
"Nebraska",2013,1868516,3.8,71.3,117,6.26165363315059
"Nebraska",2014,1881503,3.3,70.1,125,6.64362480421238
"Nebraska",2015,1896190,3,65.5,126,6.64490372800194
"Nebraska",2016,1907116,3.1,62.8,120,6.29222344104921
"Nebraska",2017,1920076,2.9,56.6,152,7.91635331101477
"Nevada",1999,1934718,4,NA,227,11.732976071965
"Nevada",2000,1998257,4.2,NA,273,13.6619063513852
"Nevada",2001,2098399,5.2,NA,261,12.4380539639983
"Nevada",2002,2173791,5.6,NA,323,14.8588341749506
"Nevada",2003,2248850,5.1,NA,342,15.2077728616849
"Nevada",2004,2346222,4.3,NA,380,16.1962508236646
"Nevada",2005,2432143,4.1,NA,457,18.7900135806159
"Nevada",2006,2522658,4,87.7,461,18.274375678352
"Nevada",2007,2601072,4.5,90.2,499,19.1843978175152
"Nevada",2008,2653630,6.7,97,519,19.5581147334029
"Nevada",2009,2684665,11.3,94,550,20.4867273942931
"Nevada",2010,2700551,13.5,97.3,578,21.4030396019183
"Nevada",2011,2723322,13,100.3,639,23.463989935821
"Nevada",2012,2758931,11.2,98.9,602,21.8200455176298
"Nevada",2013,2790136,9.6,91.1,614,22.0060957602067
"Nevada",2014,2839099,7.9,90.1,545,19.1962309169212
"Nevada",2015,2890845,6.8,85.4,619,21.4124243949433
"Nevada",2016,2940058,5.7,80.7,665,22.6186014017411
"Nevada",2017,2998039,5.1,73.2,676,22.548072256565
"New Hampshire",1999,1222014,2.7,NA,54,4.41893464395662
"New Hampshire",2000,1235786,2.7,NA,45,3.64140716920243
"New Hampshire",2001,1255517,3.4,NA,79,6.29222861976381
"New Hampshire",2002,1269089,4.5,NA,111,8.74643149534824
"New Hampshire",2003,1279840,4.3,NA,127,9.92311538942368
"New Hampshire",2004,1290121,3.8,NA,124,9.61150155683072
"New Hampshire",2005,1298492,3.6,NA,142,10.9357624074696
"New Hampshire",2006,1308389,3.4,75,149,11.3880504956859
"New Hampshire",2007,1312540,3.5,78.5,186,14.1709966934341
"New Hampshire",2008,1315906,3.9,81.7,126,9.57515202453671
"New Hampshire",2009,1316102,6.2,81.5,168,12.7649680647853
"New Hampshire",2010,1316470,5.8,81.6,160,12.153714099068
"New Hampshire",2011,1318194,5.4,80.9,210,15.9308872593867
"New Hampshire",2012,1320718,5.5,83.7,173,13.0989355789805
"New Hampshire",2013,1323459,5.1,82,203,15.3385937909675
"New Hampshire",2014,1326813,4.3,79.6,334,25.1731027658005
"New Hampshire",2015,1330608,3.4,74.8,422,31.7148251025095
"New Hampshire",2016,1334795,2.9,64.3,481,36.0354960874142
"New Hampshire",2017,1342795,2.7,52.5,467,34.7782051616218
"New Jersey",1999,8359592,4.5,NA,557,6.66300460596642
"New Jersey",2000,8414350,3.7,NA,643,7.64170732142114
"New Jersey",2001,8492671,4.3,NA,705,8.30127529960833
"New Jersey",2002,8552643,5.8,NA,813,9.5058334599024
"New Jersey",2003,8601402,5.8,NA,721,8.38235441152501
"New Jersey",2004,8634561,4.8,NA,590,6.83300517536445
"New Jersey",2005,8651974,4.5,NA,823,9.51228008775801
"New Jersey",2006,8661679,4.7,54.7,847,9.77870456755555
"New Jersey",2007,8677885,4.3,57.2,727,8.37761735722472
"New Jersey",2008,8711090,5.3,59.5,702,8.05869299938354
"New Jersey",2009,8755602,9.1,59.9,263,3.00379117278287
"New Jersey",2010,8791894,9.5,61,868,9.87273049470342
"New Jersey",2011,8821155,9.3,61.5,1012,11.4724205617065
"New Jersey",2012,8864590,9.3,60.1,1222,13.7851835223062
"New Jersey",2013,8899339,8.2,58.3,1294,14.5404057537307
"New Jersey",2014,8938175,6.8,57.2,1253,14.0185216780831
"New Jersey",2015,8958013,5.8,56,1454,16.2312780747248
"New Jersey",2016,8944469,5,52.6,2056,22.9862722985568
"New Jersey",2017,9005644,4.6,45,2685,29.8146362436712
"New Mexico",1999,1808082,5.6,NA,266,14.7117221453452
"New Mexico",2000,1819046,4.9,NA,271,14.8979190190902
"New Mexico",2001,1831690,4.9,NA,258,14.085352870846
"New Mexico",2002,1855309,5.5,NA,287,15.4691213161797
"New Mexico",2003,1877574,5.9,NA,358,19.0671579389148
"New Mexico",2004,1903808,5.5,NA,314,16.4932598245201
"New Mexico",2005,1932274,5.1,NA,373,19.3036805339201
"New Mexico",2006,1962137,4.2,61.8,418,21.3033034900213
"New Mexico",2007,1990070,3.8,69,462,23.215263784691
"New Mexico",2008,2010662,4.5,71.4,518,25.7626592634665
"New Mexico",2009,2036802,7.5,75.3,438,21.5042993869802
"New Mexico",2010,2059179,8.1,81.9,478,23.2131349435867
"New Mexico",2011,2082224,7.5,81.6,529,25.4055279355151
"New Mexico",2012,2085538,7.1,76.8,492,23.5910350230972
"New Mexico",2013,2085287,6.9,71.4,458,21.9634035986413
"New Mexico",2014,2085572,6.7,71.5,547,26.2278166373542
"New Mexico",2015,2085109,6.5,69.8,501,24.0275208634177
"New Mexico",2016,2081015,6.6,65.1,500,24.0267369528812
"New Mexico",2017,2088070,5.9,56.4,493,23.6103195774088
"New York",1999,18882725,5.2,NA,959,5.07871612810121
"New York",2000,18976457,4.5,NA,767,4.04185038334606
"New York",2001,19082838,4.8,NA,1079,5.65429523637941
"New York",2002,19137800,6.1,NA,923,4.82291590464944
"New York",2003,19175939,6.4,NA,964,5.02713322148136
"New York",2004,19171567,5.8,NA,831,4.33454396294262
"New York",2005,19132610,5,NA,944,4.93398443808764
"New York",2006,19104631,4.5,44.2,1680,8.79367939637253
"New York",2007,19132335,4.6,46.1,1708,8.92729507401998
"New York",2008,19212436,5.4,48.4,1691,8.801590802957
"New York",2009,19307066,8.3,49.5,1592,8.24568580228607
"New York",2010,19378102,8.6,51,1557,8.03484262803447
"New York",2011,19465197,8.3,51.1,1948,10.0076048549624
"New York",2012,19570261,8.5,51.8,2106,10.7612259233538
"New York",2013,19651127,7.7,46.7,2309,11.7499622286294
"New York",2014,19746227,6.3,43.9,2300,11.6477947913796
"New York",2015,19795791,5.3,45.1,2754,13.912048273292
"New York",2016,19745289,4.9,42.7,3638,18.4246480261697
"New York",2017,19849399,4.7,38.3,3921,19.7537467003409
"North Carolina",1999,7949361,3.2,NA,366,4.60414365381066
"North Carolina",2000,8049313,3.7,NA,491,6.09989945725803
"North Carolina",2001,8210122,5.5,NA,551,6.71122792085185
"North Carolina",2002,8326201,6.6,NA,647,7.77065074455925
"North Carolina",2003,8422501,6.4,NA,762,9.04719393918742
"North Carolina",2004,8553152,5.5,NA,854,9.98462321258876
"North Carolina",2005,8705407,5.2,NA,1000,11.4871136984175
"North Carolina",2006,8917270,4.7,85.2,1059,11.8758319530529
"North Carolina",2007,9118037,4.7,87.5,1084,11.8885238127461
"North Carolina",2008,9309449,6.1,88.6,1196,12.8471620608266
"North Carolina",2009,9449566,10.6,89.3,1191,12.6037534422216
"North Carolina",2010,9535483,10.9,93.1,1093,11.4624503027272
"North Carolina",2011,9656401,10.3,93.5,1264,13.0897629458429
"North Carolina",2012,9752073,9.3,98.6,1298,13.309990604049
"North Carolina",2013,9848060,8,96.7,1259,12.7842438003018
"North Carolina",2014,9943964,6.3,93.7,1358,13.6565257074543
"North Carolina",2015,10042802,5.7,88.4,1567,15.6032151186492
"North Carolina",2016,10146788,5.1,82.5,1956,19.2770362404339
"North Carolina",2017,10273419,4.5,72.2,2414,23.4975328077245
"North Dakota",1999,644259,3.3,NA,12,1.86260494614743
"North Dakota",2000,642200,3,NA,14,2.18000622858922
"North Dakota",2001,639062,2.9,NA,14,2.1907107604583
"North Dakota",2002,638168,3.7,NA,17,2.66387534316982
"North Dakota",2003,638817,3.7,NA,22,3.44386577063541
"North Dakota",2004,644705,3.4,NA,17,2.63686492271659
"North Dakota",2005,646089,3.4,NA,12,1.85732925340007
"North Dakota",2006,649422,3.2,56,14,2.15576312474785
"North Dakota",2007,652822,3.1,59.3,32,4.90179558899669
"North Dakota",2008,657569,3.2,61.7,46,6.99546359393463
"North Dakota",2009,664968,4.1,60.3,27,4.06034576099903
"North Dakota",2010,672591,3.8,63,23,3.41961162132708
"North Dakota",2011,683932,3.5,61.3,16,2.33941385985741
"North Dakota",2012,699628,3.1,62.1,21,3.00159513341376
"North Dakota",2013,723393,2.9,60.1,20,2.76474889859316
"North Dakota",2014,739482,2.7,58.1,43,5.81488122767018
"North Dakota",2015,756927,2.8,53,61,8.05890132073502
"North Dakota",2016,757952,3.1,47.8,77,10.1589546567593
"North Dakota",2017,755393,2.7,41.7,68,9.00193674021337
"Ohio",1999,11335454,4.3,NA,467,4.11981734476625
"Ohio",2000,11353140,4,NA,563,4.95898051111851
"Ohio",2001,11387404,4.3,NA,737,6.47206334297088
"Ohio",2002,11407889,5.7,NA,931,8.16101909827489
"Ohio",2003,11434788,6.2,NA,775,6.7775633444188
"Ohio",2004,11452251,6.3,NA,1136,9.91944727722087
"Ohio",2005,11463320,5.9,NA,1243,10.843281004107
"Ohio",2006,11481213,5.4,87.7,1515,13.1954698514869
"Ohio",2007,11500468,5.6,92.7,1592,13.8429149144191
"Ohio",2008,11515391,6.4,97.5,1733,15.0494238536929
"Ohio",2009,11528896,10.3,100.4,1236,10.7208877588973
"Ohio",2010,11536504,10.3,102.4,1835,15.9060318446559
"Ohio",2011,11544951,8.8,101.5,2025,17.5401350772299
"Ohio",2012,11544225,7.4,97.5,2125,18.4074721343356
"Ohio",2013,11570808,7.5,93.1,2347,20.2838038622713
"Ohio",2014,11594163,5.8,89.5,2744,23.667081444344
"Ohio",2015,11613423,4.9,82.7,3310,28.5015020980464
"Ohio",2016,11614373,5,75.3,4329,37.272782611683
"Ohio",2017,11658609,5,63.8,5111,43.8388490427975
"Oklahoma",1999,3437147,3.5,NA,178,5.17871362499189
"Oklahoma",2000,3450654,3,NA,237,6.86826323357833
"Oklahoma",2001,3467100,3.7,NA,269,7.75864555392114
"Oklahoma",2002,3489080,4.7,NA,240,6.87860410194091
"Oklahoma",2003,3504892,5.5,NA,400,11.4126198467742
"Oklahoma",2004,3525233,4.9,NA,476,13.5026535834653
"Oklahoma",2005,3548597,4.5,NA,478,13.4701122725404
"Oklahoma",2006,3594090,4,108.7,563,15.6646049486796
"Oklahoma",2007,3634349,4.1,114.4,666,18.3251525926652
"Oklahoma",2008,3668976,3.7,111.3,564,15.3721365307377
"Oklahoma",2009,3717572,6.4,115,756,20.335853616285
"Oklahoma",2010,3751351,6.8,119.6,717,19.113114182064
"Oklahoma",2011,3791508,5.9,122.3,703,18.5414352284104
"Oklahoma",2012,3814820,5.2,127.4,771,20.2106521408612
"Oklahoma",2013,3850568,5.3,123.3,790,20.5164536764446
"Oklahoma",2014,3878051,4.5,110.9,777,20.0358375895521
"Oklahoma",2015,3911338,4.4,104.4,725,18.5358565278685
"Oklahoma",2016,3923561,4.8,97.9,813,20.7209726062625
"Oklahoma",2017,3930864,4.2,88.6,775,19.7157673224004
"Oregon",1999,3393941,5.5,NA,210,6.18749707198799
"Oregon",2000,3421399,5.1,NA,208,6.07938448570307
"Oregon",2001,3467937,6.4,NA,241,6.94937653134991
"Oregon",2002,3513424,7.5,NA,318,9.05099982239548
"Oregon",2003,3547376,8.1,NA,355,10.0073970168372
"Oregon",2004,3569463,7.3,NA,365,10.2256277765031
"Oregon",2005,3613202,6.2,NA,386,10.6830451217507
"Oregon",2006,3670883,5.3,91,485,13.2120800363291
"Oregon",2007,3722417,5.2,95.5,502,13.4858614711893
"Oregon",2008,3768748,6.5,99.1,452,11.9933728654715
"Oregon",2009,3808600,11.3,99.3,501,13.1544399516883
"Oregon",2010,3831074,10.6,101.2,503,13.1294775303218
"Oregon",2011,3871859,9.5,100.7,532,13.7401697737443
"Oregon",2012,3899353,8.8,98.7,490,12.5661872623484
"Oregon",2013,3930065,7.9,94.2,455,11.5774166585031
"Oregon",2014,3970239,6.8,91.9,522,13.147823090751
"Oregon",2015,4028977,5.6,84.2,505,12.5341991279672
"Oregon",2016,4093465,4.8,76.3,506,12.3611659071227
"Oregon",2017,4142776,4.1,65.8,530,12.7933540215546
"Pennsylvania",1999,12263805,4.4,NA,990,8.0725353999024
"Pennsylvania",2000,12281054,4.1,NA,1147,9.33958925675272
"Pennsylvania",2001,12298970,4.8,NA,958,7.78927015839538
"Pennsylvania",2002,12331031,5.6,NA,1097,8.8962553090654
"Pennsylvania",2003,12374658,5.7,NA,1381,11.1599043787715
"Pennsylvania",2004,12410722,5.4,NA,1544,12.4408555763315
"Pennsylvania",2005,12449990,5,NA,1613,12.9558336994648
"Pennsylvania",2006,12510809,4.6,69.5,1638,13.0926784990483
"Pennsylvania",2007,12563937,4.4,73.7,1733,13.793447069975
"Pennsylvania",2008,12612285,5.3,76.5,1850,14.6682381503431
"Pennsylvania",2009,12666858,8,78.1,1909,15.0708249828016
"Pennsylvania",2010,12702379,8.5,81,1916,15.083788635184
"Pennsylvania",2011,12742886,7.9,81.7,2289,17.9629638058443
"Pennsylvania",2012,12763536,7.8,83.3,2365,18.5293479800582
"Pennsylvania",2013,12773801,7.4,81.6,2426,18.9919977616686
"Pennsylvania",2014,12787209,5.9,79.9,2732,21.3651000777418
"Pennsylvania",2015,12802503,5.3,75.5,3264,25.4950145295807
"Pennsylvania",2016,12784227,5.4,69.5,4627,36.1930369352797
"Pennsylvania",2017,12805537,4.9,58.3,5388,42.0755490378888
"Rhode Island",1999,1040402,4.2,NA,58,5.57476821459397
"Rhode Island",2000,1048319,4.1,NA,74,7.05892004246799
"Rhode Island",2001,1057142,4.6,NA,110,10.4054138422274
"Rhode Island",2002,1065995,5,NA,99,9.28709796950267
"Rhode Island",2003,1071342,5.3,NA,146,13.6277677903041
"Rhode Island",2004,1074579,5.2,NA,106,9.86432826251025
"Rhode Island",2005,1067916,5,NA,156,14.6078905082422
"Rhode Island",2006,1063096,4.9,78.7,175,16.4613543837998
"Rhode Island",2007,1057315,5.2,82.2,135,12.7681911256343
"Rhode Island",2008,1055003,7.8,82.9,185,17.5354951597294
"Rhode Island",2009,1053646,11,82.5,161,15.2802743995611
"Rhode Island",2010,1052567,11.2,82.7,167,15.8659733774667
"Rhode Island",2011,1051302,11,82.5,190,18.07282778878
"Rhode Island",2012,1050292,10.4,83.2,196,18.6614769987775
"Rhode Island",2013,1051511,9.3,76.9,241,22.9193988460416
"Rhode Island",2014,1055173,7.7,72.8,247,23.408483727313
"Rhode Island",2015,1056298,6,65.7,310,29.3477787518295
"Rhode Island",2016,1056426,5.2,60.3,326,30.8587634155161
"Rhode Island",2017,1059639,4.4,51.4,320,30.1989639867917
"South Carolina",1999,3974682,4.3,NA,147,3.69840908027359
"South Carolina",2000,4012012,3.8,NA,258,6.43068864200805
"South Carolina",2001,4064995,5.2,NA,242,5.95326685518678
"South Carolina",2002,4107795,5.8,NA,217,5.28263946959378
"South Carolina",2003,4150297,6.9,NA,287,6.91516775787371
"South Carolina",2004,4210921,6.8,NA,356,8.45420752372224
"South Carolina",2005,4270150,6.7,NA,427,9.99964872428369
"South Carolina",2006,4357847,6.4,90.4,554,12.7126996427364
"South Carolina",2007,4444110,5.7,91.7,545,12.2634228225674
"South Carolina",2008,4528996,6.8,94.1,565,12.4751710975236
"South Carolina",2009,4589872,11.2,95.8,615,13.3990664663415
"South Carolina",2010,4625364,11.2,98.6,678,14.6583058111751
"South Carolina",2011,4679230,10.6,96.8,618,13.207301201266
"South Carolina",2012,4723723,9.2,104,587,12.4266389032549
"South Carolina",2013,4774839,7.6,103,620,12.9847310034956
"South Carolina",2014,4832482,6.5,101.3,701,14.5060033332768
"South Carolina",2015,4896146,6,95.1,761,15.5428371621271
"South Carolina",2016,4961119,5,89.4,879,17.7177769773311
"South Carolina",2017,5024369,4.3,79.8,1008,20.0622207485159
"South Dakota",1999,750412,2.7,NA,17,2.26542219474102
"South Dakota",2000,754844,2.5,NA,20,2.64955408004833
"South Dakota",2001,757972,3.1,NA,24,3.16634387549936
"South Dakota",2002,760020,3.2,NA,22,2.89466066682456
"South Dakota",2003,763729,3.5,NA,24,3.14247593059842
"South Dakota",2004,770396,3.7,NA,43,5.5815450755196
"South Dakota",2005,775493,3.8,NA,40,5.15800916320328
"South Dakota",2006,783033,3.1,50,37,4.72521592321141
"South Dakota",2007,791623,2.8,49.9,32,4.04232822947287
"South Dakota",2008,799124,3.1,52.1,54,6.75739935229076
"South Dakota",2009,807067,4.9,52.3,49,6.07136706122292
"South Dakota",2010,814180,5,54,45,5.52703333415215
"South Dakota",2011,824082,4.7,55.1,57,6.91678740707842
"South Dakota",2012,833354,4.3,60.1,42,5.03987501109973
"South Dakota",2013,844877,3.8,60.6,55,6.509823323395
"South Dakota",2014,853175,3.4,61.7,63,7.38418261200809
"South Dakota",2015,858469,3.1,59.1,65,7.57161877714862
"South Dakota",2016,865454,3,54.8,69,7.97269410043746
"South Dakota",2017,869666,3.2,48.8,73,8.39402713225537
"Tennessee",1999,5638706,4,NA,344,6.10069047756702
"Tennessee",2000,5689283,3.9,NA,397,6.9780322054642
"Tennessee",2001,5750789,4.6,NA,424,7.37290135318823
"Tennessee",2002,5795918,5.2,NA,491,8.47147941016419
"Tennessee",2003,5847812,5.6,NA,662,11.3204733667909
"Tennessee",2004,5910809,5.3,NA,763,12.9085544804442
"Tennessee",2005,5991057,5.6,NA,872,14.5550276019741
"Tennessee",2006,6088766,5.2,124.8,975,16.0130969066638
"Tennessee",2007,6175727,4.7,128.8,985,15.9495392202408
"Tennessee",2008,6247411,6.6,132.9,938,15.0142194902817
"Tennessee",2009,6306019,10.5,138.4,962,15.255266436717
"Tennessee",2010,6346105,9.7,140,1080,17.0183128076198
"Tennessee",2011,6403353,9,138.5,1090,17.0223318939312
"Tennessee",2012,6456243,7.8,136.1,1131,17.5179279962046
"Tennessee",2013,6495978,7.8,127.1,1187,18.2728451358671
"Tennessee",2014,6549352,6.6,121.3,1269,19.3759626906601
"Tennessee",2015,6600299,5.6,114.9,1457,22.0747575223486
"Tennessee",2016,6651194,4.7,107.5,1630,24.5068780131808
"Tennessee",2017,6715984,3.8,95.2,1776,26.4443750908281
"Texas",1999,20558220,4.7,NA,1087,5.28742274379786
"Texas",2000,20851820,4.3,NA,1021,4.89645508161877
"Texas",2001,21319622,5,NA,1374,6.44476717270128
"Texas",2002,21690325,6.4,NA,1598,7.36734004677201
"Texas",2003,22030931,6.7,NA,1753,7.95699464539197
"Texas",2004,22394023,5.9,NA,1813,8.0959102346193
"Texas",2005,22778123,5.4,NA,1910,8.38523876616172
"Texas",2006,23359580,4.9,66.8,2191,9.37944945927966
"Texas",2007,23831983,4.3,71.2,2194,9.20611599966314
"Texas",2008,24309039,4.8,71.3,2053,8.44541818374638
"Texas",2009,24801761,7.6,71.8,2409,9.71301997467035
"Texas",2010,25145561,8.1,73,2399,9.54045129476332
"Texas",2011,25674681,7.8,72,2589,10.0838643331148
"Texas",2012,26059203,6.7,73.4,2447,9.39015671354185
"Texas",2013,26448193,6.3,70,2446,9.24826887039126
"Texas",2014,26956958,5.1,67,2601,9.64871481418638
"Texas",2015,27469114,4.4,59.8,2588,9.42149062397863
"Texas",2016,27862596,4.6,57.6,2831,10.1605751309031
"Texas",2017,28304596,4.3,52.2,2989,10.5601224620906
"Utah",1999,2203482,3.5,NA,205,9.30345698308405
"Utah",2000,2233169,3.3,NA,210,9.40367701683124
"Utah",2001,2283715,4.4,NA,209,9.15175492563652
"Utah",2002,2324815,5.8,NA,288,12.3880824925854
"Utah",2003,2360137,5.6,NA,353,14.9567588661167
"Utah",2004,2401580,5,NA,358,14.9068529884493
"Utah",2005,2457719,4.1,NA,438,17.8214026908691
"Utah",2006,2525507,3,87,444,17.5806283649184
"Utah",2007,2597746,2.6,89.8,511,19.6708993104022
"Utah",2008,2663029,3.6,91.3,468,17.5739730960496
"Utah",2009,2723421,7.3,86.9,478,17.5514545859784
"Utah",2010,2763885,7.8,86.6,433,15.6663537014022
"Utah",2011,2817222,6.7,85.2,504,17.8899639432036
"Utah",2012,2855287,5.4,84.5,601,21.0486721650048
"Utah",2013,2900872,4.6,82.1,594,20.47660151844
"Utah",2014,2942902,3.8,78.8,603,20.489978939156
"Utah",2015,2995919,3.6,74.4,646,21.5626657463036
"Utah",2016,3051217,3.4,70.4,635,20.811368054124
"Utah",2017,3101833,3.3,63.8,650,20.9553512390899
"Vermont",1999,604683,3,NA,29,4.79590132350339
"Vermont",2000,608827,2.8,NA,36,5.91300977124865
"Vermont",2001,612223,3.3,NA,44,7.18692371897168
"Vermont",2002,615442,4,NA,47,7.63678786953117
"Vermont",2003,617858,4.3,NA,65,10.5202166193527
"Vermont",2004,619920,3.7,NA,50,8.06555684604465
"Vermont",2005,621215,3.5,NA,53,8.53166778007614
"Vermont",2006,622892,3.7,56.9,75,12.040610571335
"Vermont",2007,623481,4,56,66,10.585727552243
"Vermont",2008,624151,4.7,56.5,73,11.6958876938433
"Vermont",2009,624817,6.6,54.5,55,8.80257739466116
"Vermont",2010,625741,6.1,54.1,63,10.0680633041466
"Vermont",2011,626431,5.5,53.6,83,13.2496635702895
"Vermont",2012,626011,5,54.6,70,11.1819121389241
"Vermont",2013,626630,4.4,52.2,93,14.8412939054945
"Vermont",2014,626562,3.9,50.4,83,13.2468933641044
"Vermont",2015,626042,3.6,60.1,99,15.8136355068829
"Vermont",2016,624594,3.2,58.6,125,20.0130004450891
"Vermont",2017,623657,3,50,134,21.4861694809807
"Virginia",1999,7000174,2.7,NA,366,5.22844146445503
"Virginia",2000,7078515,2.3,NA,411,5.80630259312864
"Virginia",2001,7198362,3.2,NA,459,6.37645064252117
"Virginia",2002,7286873,4.2,NA,509,6.98516359486435
"Virginia",2003,7366977,4.1,NA,547,7.42502657467235
"Virginia",2004,7475575,3.8,NA,558,7.46430876554646
"Virginia",2005,7577105,3.6,NA,581,7.66783619865371
"Virginia",2006,7673725,3.1,67.2,629,8.1968014230377
"Virginia",2007,7751000,3,70.1,700,9.03109276222423
"Virginia",2008,7833496,3.9,73,718,9.16576711087872
"Virginia",2009,7925937,6.7,74.1,685,8.64251128920152
"Virginia",2010,8001024,7.1,75.5,558,6.97410731426378
"Virginia",2011,8096604,6.6,76.6,798,9.85598406442998
"Virginia",2012,8185867,6.1,79.6,733,8.95445772573632
"Virginia",2013,8260405,5.7,76.6,854,10.3384761400924
"Virginia",2014,8326289,5.2,73.5,980,11.7699493736045
"Virginia",2015,8382993,4.5,68.1,1039,12.3941413287593
"Virginia",2016,8411808,4.1,63.4,1405,16.7027112363953
"Virginia",2017,8470020,3.7,53.3,1507,17.79216578001
"Washington",1999,5842564,4.9,NA,555,9.49925409460641
"Washington",2000,5894121,5.2,NA,556,9.43312836638406
"Washington",2001,5985722,6.3,NA,499,8.3365047691824
"Washington",2002,6052349,7.4,NA,643,10.623974261894
"Washington",2003,6104115,7.4,NA,696,11.4021442911872
"Washington",2004,6178645,6.3,NA,811,13.1258552643824
"Washington",2005,6257305,5.6,NA,850,13.5841228771812
"Washington",2006,6370753,5,80.8,897,14.07996825493
"Washington",2007,6461587,4.7,84.4,962,14.8879834009818
"Washington",2008,6562231,5.4,86.6,1011,15.4063457991649
"Washington",2009,6667426,9.2,86.1,987,14.8033139025465
"Washington",2010,6724540,10,85,916,13.6217495917936
"Washington",2011,6830038,9.3,81.6,997,14.5972833533283
"Washington",2012,6897012,8.1,78.7,985,14.2815468495633
"Washington",2013,6971406,7,75.2,969,13.8996351668516
"Washington",2014,7061530,6.1,74.2,979,13.8638510351156
"Washington",2015,7170351,5.6,69.8,1094,15.2572726216611
"Washington",2016,7288000,5.3,64.9,1102,15.1207464324918
"Washington",2017,7405743,4.7,57.1,1169,15.7850468210955
"West Virginia",1999,1811799,6.5,NA,75,4.1395320341826
"West Virginia",2000,1808344,5.5,NA,113,6.2488110669209
"West Virginia",2001,1801481,5,NA,206,11.4350359509759
"West Virginia",2002,1805414,5.9,NA,229,12.6840713542711
"West Virginia",2003,1812295,6,NA,262,14.4568075285756
"West Virginia",2004,1816438,5.3,NA,333,18.3325827801444
"West Virginia",2005,1820492,5.1,NA,184,10.1071578452418
"West Virginia",2006,1827912,4.9,129.9,362,19.804016823567
"West Virginia",2007,1834052,4.6,135.1,397,21.6460601989475
"West Virginia",2008,1840310,4.3,145.5,459,24.9414500817797
"West Virginia",2009,1847775,7.7,146.9,226,12.2309263844353
"West Virginia",2010,1852994,8.7,143.1,512,27.6309583301403
"West Virginia",2011,1855364,8.1,139.6,635,34.2250900631898
"West Virginia",2012,1855413,7.5,136.9,558,30.0741667758068
"West Virginia",2013,1854304,6.8,129,570,30.739296253473
"West Virginia",2014,1850326,6.6,126.4,627,33.8859206431731
"West Virginia",2015,1844128,6.7,111.3,725,39.3139738673237
"West Virginia",2016,1831102,6.1,96,884,48.2769392420521
"West Virginia",2017,1815857,5.2,82.2,974,53.6385849766804
"Wisconsin",1999,5332666,3.1,NA,212,3.97549743411644
"Wisconsin",2000,5363675,3.5,NA,248,4.62369550727812
"Wisconsin",2001,5406835,4.5,NA,269,4.97518418816184
"Wisconsin",2002,5445162,5.4,NA,340,6.24407501558264
"Wisconsin",2003,5479203,5.7,NA,383,6.99006771605286
"Wisconsin",2004,5514026,5,NA,437,7.92524373298204
"Wisconsin",2005,5546166,4.7,NA,518,9.33978535802931
"Wisconsin",2006,5577655,4.7,64.7,593,10.6317081282367
"Wisconsin",2007,5610775,4.9,69.2,622,11.0858125660002
"Wisconsin",2008,5640996,4.9,70.6,606,10.7427837211726
"Wisconsin",2009,5669264,8.6,71.9,631,11.1301925611508
"Wisconsin",2010,5686986,8.7,74.4,630,11.0779242291084
"Wisconsin",2011,5711767,7.8,75.2,698,12.2203864408335
"Wisconsin",2012,5726398,7,76.8,692,12.0843853326297
"Wisconsin",2013,5742713,6.7,73.8,856,14.9058467661539
"Wisconsin",2014,5757564,5.4,71.9,853,14.8152934122834
"Wisconsin",2015,5771337,4.6,67.5,878,15.2131126634955
"Wisconsin",2016,5778708,4,62.2,1074,18.5854692779078
"Wisconsin",2017,5795483,3.3,52.7,1177,20.3089198950286
"Wyoming",1999,491780,4.6,NA,20,4.06685916466713
"Wyoming",2000,493782,3.9,NA,22,4.45540744701103
"Wyoming",2001,494657,3.8,NA,22,4.447526265675
"Wyoming",2002,500017,4,NA,34,6.79976880786053
"Wyoming",2003,503453,4.3,NA,30,5.95884819436968
"Wyoming",2004,509106,3.8,NA,46,9.03544644926597
"Wyoming",2005,514157,3.6,NA,26,5.05682116551948
"Wyoming",2006,522667,3.2,79.9,55,10.5229524726068
"Wyoming",2007,534876,2.8,80.8,63,11.7784308886546
"Wyoming",2008,546043,3.1,81,74,13.5520462674185
"Wyoming",2009,559851,6.3,81,60,10.7171372383009
"Wyoming",2010,563626,6.4,80.4,85,15.080922455671
"Wyoming",2011,568158,5.8,78.2,85,14.9606271494901
"Wyoming",2012,576412,5.3,80.5,98,17.0017279307162
"Wyoming",2013,582658,4.7,81.5,98,16.8194721431783
"Wyoming",2014,584153,4.1,80.9,109,18.6594950295556
"Wyoming",2015,586107,4.3,75.4,96,16.3792618071444
"Wyoming",2016,585501,5.3,71.1,99,16.9085962278459
"Wyoming",2017,579315,4.2,64.4,69,11.9106185753864
